"","utm_x","utm_y","poverty","nightlight","water_way","elev","poverty2","soil","HK_positive","HK_examined","TT_positive","TT_examined","Asc_positive","Asc_examined","STH_positive","STH_examined","HK.prev","ASC.prev","TT.prev","prob.none","prob.atleast.one"
"2247",3722909.46076682,-1592224.78846047,0.697490505623746,-0.00692830001935363,4.96508741378784,1165.74829101562,88.0470629520085,8.73015271895166,0,29,0,29,0,29,0,29,0,0,0,1,0
"2248",3886254.00426284,-1767289.45962033,0.608950583254034,0.496273308992386,2.16272664070129,751.583862304688,81.9705341600734,4.072398,1,30,0,30,0,30,1,30,3.33333333333333,0,0,-2.33333333333333,3.33333333333333
"2249",3784243.51683156,-1277986.79380498,0.267411381917124,3.21531367301941,2.85328674316406,1312.72143554688,57.4187504876736,11.7909066114816,0,29,0,29,0,29,0,29,0,0,0,1,0
"2250",3754837.27108802,-1575064.2939095,0.187805259255078,16.1880569458008,1.85866272449493,1082.64416503906,40.1009946506747,3.82614223936031,0,28,0,28,0,28,0,28,0,0,0,1,0
"2251",3772117.69620648,-1498028.09323392,0.433640852513036,0.0196607429534197,2.28907632827759,1278.68286132812,74.5899688683025,12.0215083643397,0,29,0,29,3,29,3,29,0,10.3448275862069,0,-9.3448275862069,10.3448275862069
"2252",3906052.18683237,-1784401.77778436,0.130821777234042,9.96134853363037,1.82087445259094,1146.71447753906,29.593916445007,11.126009188516,0,30,1,30,1,30,2,30,0,3.33333333333333,3.33333333333333,5.44444444444445,-4.44444444444445
"2253",3864156.98515283,-1674985.21843483,0.64588536921959,0.00556548126041889,0.507827401161194,962.265808105469,84.9851585864151,9.84404444318072,0,30,0,30,1,30,1,30,0,3.33333333333333,0,-2.33333333333333,3.33333333333333
"2254",3761548.27790998,-1574614.17332909,0.0403752375923405,12.2423677444458,1.04463839530945,1081.02758789062,19.6196485498587,3.1960698862113,6,30,1,30,2,30,8,30,20,6.66666666666667,3.33333333333333,-251.222222222222,252.222222222222
"2255",3875063.94640932,-1694816.88806046,0.695463218679517,0.010418213903904,4.04500770568848,717.576904296875,89.0915180482763,9.42533127153175,0,29,0,29,3,29,3,29,0,10.3448275862069,0,-9.3448275862069,10.3448275862069
"2256",3898554.51077246,-1678177.74154904,0.725121886187722,0.0217932742089033,7.08251571655273,669.002807617188,89.6527611895576,12.5531927056084,0,29,0,29,0,29,0,29,0,0,0,1,0
"2257",3790877.17887132,-1507700.47435452,0.483682670477844,0.00896257255226374,1.47461330890656,1017.54559326172,79.3968253571649,5.0378410747262,3,30,1,30,3,30,7,30,10,10,3.33333333333333,-189,190
"2258",3789574.47366226,-1274703.40630577,0.52613395604627,0.0496884696185589,7.27368545532227,1388.30151367188,80.7893905082339,14.2266684105965,0,28,0,28,0,28,0,28,0,0,0,1,0
"2259",3749168.00319285,-1290070.63375929,0.708779132873216,0.0275977682322264,0.281648576259613,1258.82873535156,89.4017357364315,11.5227347706894,4,30,0,30,4,30,8,30,13.3333333333333,13.3333333333333,0,152.111111111111,-151.111111111111
"2260",3786342.23098385,-1482546.53513225,0.524532776816955,0.0276953224092722,3.67813992500305,970.715576171875,79.6638076182311,17.7209771068721,0,30,0,30,0,30,0,30,0,0,0,1,0
"2261",3754711.75836215,-1575042.8621535,0.187805259255078,16.1880569458008,1.88485455513,1084.78112792969,40.1009946506747,3.82614223936031,0,30,0,30,2,30,2,30,0,6.66666666666667,0,-5.66666666666667,6.66666666666667
"2262",3719656.83103686,-1255347.09157993,0.693558034738456,0.0327810607850552,4.49032258987427,1167.35119628906,90.0786239616372,7.35494828672385,0,30,0,30,0,30,0,30,0,0,0,1,0
"2263",3861988.83769455,-1647902.39121088,0.672841713121885,0.0521507747471333,4.05882596969604,998.686584472656,89.3356877095228,10.7842000271877,0,30,0,30,0,30,0,30,0,0,0,1,0
"2264",3760132.32738294,-1567554.68769417,0.0410368084074297,12.3518114089966,0.819938600063324,1067.77099609375,18.1039954323051,3.42306436962284,2,30,0,30,4,30,6,30,6.66666666666667,13.3333333333333,0,69.8888888888889,-68.8888888888889
"2265",3772796.09944727,-1588971.16528408,0.598645165165939,0.00506805209442973,5.16646909713745,1150.44299316406,81.813665807724,6.20286893027063,1,30,0,30,2,30,3,30,3.33333333333333,6.66666666666667,0,13.2222222222222,-12.2222222222222
"2266",3901051.93794492,-1781906.95169057,0.0403779494866624,11.8411912918091,0.98304694890976,1148.10144042969,18.6278182096062,10.8177627727508,0,30,0,30,1,30,1,30,0,3.33333333333333,0,-2.33333333333333,3.33333333333333
"2267",3893088.5946439,-1692267.12415913,0.705951773688038,0.0928281918168068,1.10749888420105,606.0546875,87.9891512620588,5.71735440922327,1,30,0,30,0,30,1,30,3.33333333333333,0,0,-2.33333333333333,3.33333333333333
"2268",3845049.86841617,-1630625.97537132,0.608841975706158,-0.0197591986507177,2.06154727935791,863.97021484375,83.8573942597337,4.91294938484918,0,30,0,30,0,30,0,30,0,0,0,1,0
"2269",3881761.79526747,-1758314.49911346,0.705694489072987,0.0769277587532997,7.06989002227783,560.82568359375,89.0846671134543,5.21810812420988,2,30,0,30,2,30,4,30,6.66666666666667,6.66666666666667,0,32.1111111111111,-31.1111111111111
"2270",3903719.20860407,-1688904.29230598,0.716084808677793,0.0374458655714989,5.04713153839111,616.376708984375,89.8591252946688,11.1706538442966,0,30,0,30,0,30,0,30,0,0,0,1,0
"2271",3927394.01451684,-1779703.21225721,0.623501591129689,0.0204206164926291,0.669715881347656,817.531188964844,83.9896891801367,15.6752468696798,1,30,0,30,4,30,5,30,3.33333333333333,13.3333333333333,0,28.7777777777778,-27.7777777777778
"2272",3749477.62722454,-1545360.87652591,0.624468168569972,0.0259414296597242,16.7142772674561,1209.57507324219,85.4715531869013,4.11474767534054,0,30,0,30,2,30,2,30,0,6.66666666666667,0,-5.66666666666667,6.66666666666667
"2273",3916695.6437222,-1685620.10819225,0.721072511074799,0.0971129685640335,1.87646460533142,520.562133789062,88.682649214997,8.89657159497321,2,30,0,30,3,30,4,30,6.66666666666667,10,0,51,-50
"2274",3736139.43715718,-1585136.65091431,0.670969105888601,-0.0216142274439335,0.668602705001831,1123.73400878906,85.4675373061442,4.73317859204181,0,30,0,30,3,30,3,30,0,10,0,-9,10
"2275",3893785.89436825,-1779089.66528331,0.0493337780502031,13.0660438537598,1.58775353431702,970.588500976562,25.6551211854733,12.5838163537229,0,30,0,30,0,30,0,30,0,0,0,1,0
"2276",3918858.66603113,-1692543.98901103,0.700725433142264,0.0915013626217842,2.31962299346924,488.802612304688,87.7359205023853,5.22616857583148,1,28,0,28,0,28,1,28,3.57142857142857,0,0,-2.57142857142857,3.57142857142857
"2277",3734821.92645584,-1592381.46496098,0.692267282148421,-0.030657259747386,4.53768253326416,1164.20788574219,87.0785016951691,7.72415248502569,0,28,0,28,0,28,0,28,0,0,0,1,0
"2278",3779540.13030938,-1517761.96557073,0.477924204651493,1.67272155522369e-05,0.620680153369904,1301.99487304688,75.1385370071403,5.04853514064453,0,26,0,26,0,26,0,26,0,0,0,1,0
"2279",3923848.84384425,-1771506.81723823,0.58643153103188,0.0512673109769821,0.599159121513367,848.875549316406,80.8180232458555,10.9378812192271,0,30,0,30,0,30,0,30,0,0,0,1,0
"2280",3754954.17881725,-1575815.87347895,0.187805259255078,15.6291007995605,1.12762129306793,1085.46936035156,40.1009946506747,3.82614223936031,2,28,0,28,2,28,4,28,7.14285714285714,7.14285714285714,0,37.734693877551,-36.734693877551
"2281",3728468.54463,-1348296.55563508,0.713787730116151,0.0269886180758476,12.1931457519531,1348.56042480469,89.2229355133695,7.50972263496327,0,28,0,28,0,28,0,28,0,0,0,1,0
"2282",3759544.61167851,-1563285.04788912,0.28829182831783,3.05439257621765,0.646567225456238,1102.51904296875,40.7337597394035,4.32777382900128,0,30,0,30,0,30,0,30,0,0,0,1,0
"2283",3737347.55419491,-1379675.42079073,0.623316359887332,-0.0133785279467702,9.70703506469727,1398.97387695312,85.4672936343153,9.93512074409394,2,30,0,30,0,30,2,30,6.66666666666667,0,0,-5.66666666666667,6.66666666666667
"2284",3850732.6337996,-1763049.50193909,0.733980860340204,0.0820896402001381,0.466822534799576,367.668029785156,88.9018784366776,9.84231776076129,1,30,0,30,0,30,1,30,3.33333333333333,0,0,-2.33333333333333,3.33333333333333
"2285",3769076.42545411,-1549401.44058104,0.528337875701979,0.0948469564318657,0.907658874988556,1193.97106933594,80.0074521801706,4.751131,3,30,0,30,4,30,7,30,10,13.3333333333333,0,111,-110
"2286",3787001.44497082,-1281692.44497658,0.118727588499944,6.55980062484741,0.477409780025482,1260.25659179688,39.3247812181552,13.4882057499381,0,30,0,30,0,30,0,30,0,0,0,1,0
"2287",3916699.32839735,-1770181.54228664,0.398165935313218,0.773964047431946,1.84086418151855,1127.16198730469,72.3395793267595,8.28307107162954,0,30,0,30,0,30,0,30,0,0,0,1,0
"2288",3848824.2893349,-1733848.15363865,0.66065923855951,0.025255411863327,4.66690731048584,1170.51062011719,90.003618552363,13.893670911443,0,30,0,30,1,30,1,30,0,3.33333333333333,0,-2.33333333333333,3.33333333333333
"2289",3891936.43012182,-1790094.1370336,0.427843270555961,0.800397932529449,2.33961248397827,896.558288574219,72.3249481072256,5.23159727382157,0,30,0,30,0,30,0,30,0,0,0,1,0
"2290",3745562.28696241,-1572296.25374545,0.575985424756356,1.26825976371765,5.26471567153931,1142.14807128906,81.1058122529875,4.33896116026786,1,30,0,30,0,30,1,30,3.33333333333333,0,0,-2.33333333333333,3.33333333333333
"2291",3853789.41135704,-1734506.71455764,0.711276401731306,0.031237531453371,0.206201449036598,752.558959960938,90.6906262720705,11.0201228792963,3,27,0,27,2,27,5,27,11.1111111111111,7.40740740740741,0,64.7860082304527,-63.7860082304527
"2292",3862236.06715165,-1733882.04290742,0.701458654530684,0.0349346399307251,1.80699229240417,797.824340820312,90.8325414586207,8.65106992056397,0,30,0,30,0,30,0,30,0,0,0,1,0
"2293",3748137.74130555,-1620959.47738709,0.724021073580834,-0.00776549056172371,4.75882530212402,1229.40368652344,91.6095264408645,10.5271659223985,0,29,0,29,0,29,0,29,0,0,0,1,0
"2294",3897132.84621595,-1785448.53346484,0.0595017868558712,13.4091825485229,0.365626037120819,1082.63403320312,24.1508348722951,13.1832633156419,1,30,0,30,2,30,3,30,3.33333333333333,6.66666666666667,0,13.2222222222222,-12.2222222222222
"2295",3754606.63936699,-1595485.47721697,0.668326062391901,0.027689216658473,0.612450659275055,1136.35632324219,85.593246267847,4.06214949299942,0,30,0,30,2,30,2,30,0,6.66666666666667,0,-5.66666666666667,6.66666666666667
"2296",3715848.33188241,-1359840.09404435,0.65276505545475,0.353283762931824,1.5945508480072,1228.43432617188,83.96992295659,8.07265929277873,0,29,0,29,0,29,0,29,0,0,0,1,0
"2297",3922435.02063267,-1790733.8119967,0.476195292323262,0.0531308948993683,1.67021048069,1195.95166015625,78.6939663273415,12.4870154059204,0,30,0,30,0,30,0,30,0,0,0,1,0
"2298",3898605.80345423,-1674848.06220037,0.736102415787242,0.00515044387429953,9.89107036590576,655.6337890625,90.218666996397,14.1138329160693,0,30,0,30,0,30,0,30,0,0,0,1,0
"2299",3776554.76865806,-1592049.05519245,0.644740921155591,0.0229218881577253,6.52655696868896,1150.90563964844,84.4260942063874,4.72506321269251,2,30,0,30,5,30,7,30,6.66666666666667,16.6666666666667,0,88.7777777777778,-87.7777777777778
"2300",3764066.33592367,-1612086.70170266,0.671786868920771,-0.000440653413534164,0.540953040122986,1208.91076660156,86.8409870051049,8.19712232453588,0,29,0,29,0,29,0,29,0,0,0,1,0
"2301",3783259.97573455,-1272841.12527032,0.529023509144259,0.0636179596185684,7.38295698165894,1409.611328125,80.8227153840699,13.1130118441442,0,30,0,30,1,30,1,30,0,3.33333333333333,0,-2.33333333333333,3.33333333333333
"2302",3705248.8573234,-1557735.47290608,0.695894458633496,0.00827924348413944,2.73472666740417,1089.63977050781,89.9426151554386,6.7172919357588,0,29,0,29,1,29,1,29,0,3.44827586206897,0,-2.44827586206897,3.44827586206897
"2303",3756616.92465538,-1560257.21135884,0.347395687946256,2.73496460914612,3.82976698875427,1138.72387695312,57.216859955238,4.59758998346395,0,27,0,27,4,27,4,27,0,14.8148148148148,0,-13.8148148148148,14.8148148148148
"2304",3708252.83604635,-1350872.58294142,0.707059050988419,0.668000459671021,1.78883051872253,1215.97705078125,87.1614563897735,7.00751681463602,0,30,0,30,0,30,0,30,0,0,0,1,0
"2305",3767806.97137695,-1279499.85606509,0.656327866574396,0.0211337208747864,0.586243450641632,1265.55285644531,84.6820483105189,6.22024895805509,3,30,0,30,8,30,10,30,10,26.6666666666667,0,231,-230
"2306",3765376.83349709,-1274186.32614827,0.621019416118242,0.0449560135602951,1.60939145088196,1223.47912597656,83.732574859867,6.02928900713662,0,28,0,28,0,28,0,28,0,0,0,1,0
"2307",3771819.00374878,-1252553.69946196,0.560834154805516,0.680762827396393,2.38049459457397,1097.65026855469,79.8781826386846,6.65850012387433,2,30,0,30,3,30,5,30,6.66666666666667,10,0,51,-50
"2308",3756797.17317487,-1277058.72489161,0.641213904858083,0.196016445755959,0.378824710845947,1247.89294433594,83.4598954361003,6.25889222443487,0,29,0,29,0,29,0,29,0,0,0,1,0
"2310",3893849.82292542,-1777358.45833247,0.0666408650195359,16.2132015228271,1.39116382598877,1009.59716796875,27.3952326050058,14.0038253750416,0,30,0,30,0,30,0,30,0,0,0,1,0
"2311",3783088.44353119,-1286556.2715561,0.461013124344381,0.617471277713776,1.84333348274231,1318.3818359375,65.0330352049378,12.329203863368,0,30,0,30,0,30,0,30,0,0,0,1,0
"2312",3797823.99377063,-1510124.47443179,0.588456861162814,0.0254425276070833,0.677919030189514,714.164123535156,86.0520726905776,5.82908659999736,0,28,0,28,0,28,0,28,0,0,0,1,0
"2313",3739436.60915498,-1569379.31630807,0.633059172957294,0.0454417988657951,3.68659496307373,1147.24230957031,83.6035730276532,4.0371506791595,0,30,0,30,3,30,3,30,0,10,0,-9,10
"2314",3860313.46822616,-1678025.25258103,0.705122217189651,-0.00324899912811816,0.741533756256104,1080.16735839844,88.6084557498412,10.3898943359402,0,30,0,30,11,30,11,30,0,36.6666666666667,0,-35.6666666666667,36.6666666666667
"2315",3758252.18793762,-1567458.10144648,0.0694237074986918,17.21750831604,0.282435417175293,1050.71264648438,33.8090000805413,3.26930928180231,0,26,0,26,0,26,0,26,0,0,0,1,0
"2316",3904987.30458344,-1773804.65932552,0.166014899750201,3.86206555366516,0.294522911310196,1023.55657958984,39.2901181491778,15.7087877732239,0,30,0,30,0,30,0,30,0,0,0,1,0
"2317",3765325.99388564,-1574559.56232695,0.0858954930286221,16.3181266784668,2.68473124504089,1132.6533203125,57.6368153433485,4.1458835026226,0,26,0,26,1,26,1,26,0,3.84615384615385,0,-2.84615384615385,3.84615384615385
"2318",3762880.86127037,-1508154.66122932,0.459965807263191,-0.0174493119120598,4.38504838943481,1315.27282714844,74.3099462448598,4.86384715542226,1,23,0,23,2,23,3,23,4.34782608695652,8.69565217391304,0,25.7637051039698,-24.7637051039698
"2319",3771016.10078949,-1250963.69782243,0.572530897630253,0.094913475215435,1.13983500003815,1066.39733886719,80.5850490389362,6.10132483479936,2,30,0,30,7,30,8,30,6.66666666666667,23.3333333333333,0,126.555555555556,-125.555555555556
"2320",3862345.00440534,-1753100.02147568,0.72590019761355,0.0120086185634136,3.79389953613281,369.493377685547,88.9536421680588,3.61928611602014,3,30,0,30,5,30,7,30,10,16.6666666666667,0,141,-140
"2321",3723217.98384875,-1553314.98198682,0.650397469435282,0.365792781114578,11.3774299621582,1178.12768554688,85.2843112950703,4.0573454872176,0,30,0,30,0,30,0,30,0,0,0,1,0
"2322",3765205.6352522,-1475059.35701166,0.429535166260957,0.00775962835177779,4.32895517349243,1067.68383789062,69.3832420320809,9.27500188534886,1,30,1,30,0,30,2,30,3.33333333333333,0,3.33333333333333,5.44444444444445,-4.44444444444445
"2323",3729185.7950335,-1560245.64834977,0.633619456075726,0.0537317730486393,5.04138708114624,1148.48486328125,84.8849240763297,4.58901469695951,0,30,0,30,0,30,0,30,0,0,0,1,0
"2324",3758239.46189344,-1561044.85859001,0.0773306095928621,11.6293249130249,2.21102738380432,1131.08996582031,40.220908343795,5.05496200695773,3,29,0,29,2,29,5,29,10.3448275862069,6.89655172413793,0,55.10225921522,-54.10225921522
"2325",3894015.92273764,-1768391.34638537,0.370486830563943,2.48247098922729,0.955359995365143,791.065307617188,62.7597201950104,9.00406730713409,0,30,0,30,0,30,0,30,0,0,0,1,0
"2326",3889010.94277183,-1757123.75680388,0.656752505735953,0.118876621127129,1.10009574890137,632.368103027344,87.1619006379933,6.25367220328032,0,30,0,30,1,30,1,30,0,3.33333333333333,0,-2.33333333333333,3.33333333333333
"2327",3793129.3614132,-1518871.81399487,0.506943243272526,0.0122484266757965,1.67081904411316,880.001403808594,80.3022351622639,5.30458092650347,0,30,0,30,0,30,0,30,0,0,0,1,0
"2328",3761920.10727313,-1574825.9182342,0.0438085355197572,12.3092155456543,1.27217781543732,1067.388671875,21.6147920762214,3.33421903509492,1,30,0,30,4,30,5,30,3.33333333333333,13.3333333333333,0,28.7777777777778,-27.7777777777778
"2329",3762250.95881852,-1290598.82567358,0.714968061543685,0.00427259178832173,1.06051325798035,1388.40783691406,89.8400267025239,9.62074646386032,0,28,0,28,0,28,0,28,0,0,0,1,0
"2330",3753227.11257734,-1576243.23944451,0.315019229740062,13.6601419448853,0.77594393491745,1092.54382324219,46.4613388075949,4.36227932290041,1,30,0,30,3,30,4,30,3.33333333333333,10,0,21,-20
"2331",3738746.77340249,-1277735.10818962,0.690388378274343,0.00280362251214683,8.054030418396,1258.81127929688,87.4965663230115,8.70558717874806,1,30,0,30,0,30,1,30,3.33333333333333,0,0,-2.33333333333333,3.33333333333333
"2332",3710755.79913709,-1368716.39503839,0.687386767109337,0.18324288725853,0.649588108062744,1236.91552734375,85.4014055653258,10.9563178484963,0,27,0,27,0,27,0,27,0,0,0,1,0
"2333",3738168.25714078,-1548643.57063853,0.628081122260419,0.0142526924610138,11.2072973251343,1214.79370117188,87.2801876653715,4.10105275490192,0,29,0,29,0,29,0,29,0,0,0,1,0
"2334",3747937.75584034,-1597257.19606682,0.662273999335224,0.00432125059887767,4.08740186691284,1140.830078125,84.7765527756392,4.84277131963597,0,10,0,10,0,10,0,10,0,0,0,1,0
"2335",3737717.39539195,-1329654.37826512,0.700099351084005,0.0174071695655584,0.525925099849701,1307.2763671875,87.886092500091,13.3395349868416,0,26,0,26,0,26,0,26,0,0,0,1,0
"2336",3729808.94261864,-1546898.83542996,0.667884990057566,-0.00100623222533613,4.96435928344727,1148.90905761719,90.3107933496587,4.5233679408553,0,29,1,29,2,29,3,29,0,6.89655172413793,3.44827586206897,14.436385255648,-13.436385255648
"2337",3745360.87660772,-1414871.87094756,0.580024741692656,0.00245800917036831,1.52361333370209,1132.8271484375,84.1286942825361,8.93220010182121,3,30,0,30,10,30,12,30,10,33.3333333333333,0,291,-290
"2338",3755416.91946894,-1567518.59440824,0.315845636134798,1.49708878993988,0.433801174163818,1071.91906738281,57.9047685302457,4.35213143996124,0,30,0,30,0,30,0,30,0,0,0,1,0
"2339",3716745.50018651,-1329914.43056387,0.756997852975632,-0.00304235541261733,1.24285018444061,1188.10559082031,91.2612174932474,9.93228524577916,2,30,0,30,1,30,3,30,6.66666666666667,3.33333333333333,0,13.2222222222222,-12.2222222222222
"2340",3725693.13821749,-1260069.54570324,0.691553341855421,0.00878116674721241,1.38104796409607,1133.09936523438,87.8370489181909,6.19597165426492,0,30,0,30,0,30,0,30,0,0,0,1,0
"2341",3762489.50646853,-1491283.35613125,0.54751396620431,0.148023262619972,6.19379949569702,1204.49499511719,82.4964827864801,7.02871166184497,0,30,0,30,0,30,0,30,0,0,0,1,0
"2342",3721945.38276958,-1540978.85918167,0.611885077706943,0.00754787540063262,3.66460752487183,1124.51171875,87.7856626287286,7.03248639271174,0,30,0,30,0,30,0,30,0,0,0,1,0
"2343",3769140.48982106,-1492522.23793877,0.465016030978503,0.0119551299139857,0.783396661281586,1227.302734375,74.2265480655275,7.93951101033226,0,29,0,29,1,29,1,29,0,3.44827586206897,0,-2.44827586206897,3.44827586206897
"2344",3859446.62335136,-1693668.83308134,0.604668526076138,0.00872688088566065,10.2368774414062,1462.3955078125,86.1775590758136,9.07456465792757,0,29,0,29,0,29,0,29,0,0,0,1,0
"2345",3901894.67101802,-1783009.60491142,0.0417740796587573,12.1006889343262,0.690439522266388,1176.38623046875,18.121473360697,10.4148505202337,0,30,0,30,0,30,0,30,0,0,0,1,0
"2346",3781729.3216042,-1555799.7363689,0.573725259522243,0.00671725766733289,1.32231557369232,1080.17321777344,82.7713634406265,3.9610467949378,4,30,0,30,3,30,7,30,13.3333333333333,10,0,111,-110
"2347",3844766.85530875,-1656668.08842803,0.589677124779328,0.00391163071617484,10.1446685791016,1392.37683105469,38.0006572711941,7.14408600405481,0,29,0,29,0,29,0,29,0,0,0,1,0
"2348",3884631.93456664,-1684265.47050014,0.662200456405024,1.21541523933411,4.16850137710571,734.138061523438,87.0089374062713,7.08499142013275,0,27,0,27,1,27,1,27,0,3.7037037037037,0,-2.7037037037037,3.7037037037037
"2349",3864368.69256042,-1658078.85700799,0.619536846169348,0.0313606858253479,11.2043724060059,1087.99877929688,83.7777249799365,13.7054846961746,0,30,0,30,0,30,0,30,0,0,0,1,0
"2350",3907001.15209554,-1685268.23378558,0.73776184646017,0.0115188648924232,6.58930540084839,643.762451171875,90.2681132135162,12.9907885476654,1,29,0,29,0,29,1,29,3.44827586206897,0,0,-2.44827586206897,3.44827586206897
"2351",3900610.05522622,-1785271.98431506,0.0428250403207706,9.77810764312744,1.24597084522247,1210.99438476562,22.9239247809934,14.2297429919426,1,30,0,30,0,30,1,30,3.33333333333333,0,0,-2.33333333333333,3.33333333333333
"2352",3724592.58920372,-1589511.01419735,0.683034679712998,-0.0212177261710167,2.49650025367737,1163.14074707031,87.5915040093778,7.57072111814744,0,30,0,30,0,30,0,30,0,0,0,1,0
"2353",3777126.69814549,-1509361.06477142,0.423638337780392,0.023704232648015,4.28746557235718,1604.06225585938,72.5101511917619,6.94544113203054,0,30,0,30,0,30,0,30,0,0,0,1,0
"2354",3783391.8781992,-1261215.5763366,0.684329248852646,0.0081405658274889,5.06605100631714,1324.85314941406,90.8498513837741,14.5523089829226,0,29,0,29,0,29,0,29,0,0,0,1,0
"2355",3768143.34548228,-1478962.54034911,0.447840238835503,-0.00897763483226299,2.37285017967224,1078.28503417969,71.9589601779218,8.27267301983929,4,29,0,29,4,29,8,29,13.7931034482759,13.7931034482759,0,163.663495838288,-162.663495838288
"2356",3876473.9636075,-1689186.52900978,0.668886152663479,0.279776126146317,2.69210886955261,723.032043457031,87.1936124026918,7.24911803777697,2,30,0,30,3,30,5,30,6.66666666666667,10,0,51,-50
"2357",3787903.75066942,-1282535.0017944,0.138617599287762,4.45175361633301,1.16745841503143,1298.29028320312,39.0369918516116,12.229756398963,0,30,0,30,0,30,0,30,0,0,0,1,0
"2358",3898362.20301253,-1735392.75710732,0.686131607525733,0.0443843603134155,1.33704376220703,495.002624511719,89.7218677530771,3.51908518406172,0,30,0,30,0,30,0,30,0,0,0,1,0
"2359",3739474.61362914,-1597691.11323382,0.679441387810825,0.00340158934704959,2.33496761322021,1123.78759765625,87.3545423246145,10.3786884572658,0,30,0,30,0,30,0,30,0,0,0,1,0
"2360",3889900.38550326,-1661310.87169683,0.729349637937524,0.015427547506988,8.92117786407471,750.883483886719,90.4759184081552,7.35232808446182,0,30,0,30,0,30,0,30,0,0,0,1,0
"2361",3744765.08356104,-1596793.37386059,0.684032720755928,0.0132922176271677,1.26119828224182,1139.65686035156,86.3018045073651,7.52338580770389,0,30,0,30,2,30,2,30,0,6.66666666666667,0,-5.66666666666667,6.66666666666667
"2362",3785905.39437766,-1284183.18640336,0.0739231207879899,8.28712749481201,0.507691264152527,1278.08837890625,33.1662923237135,12.3252657595662,1,29,0,29,1,29,2,29,3.44827586206897,3.44827586206897,0,5.99405469678954,-4.99405469678954
"2363",3782520.33564188,-1283743.07615594,0.295653838792496,1.94471561908722,0.94945240020752,1311.37536621094,68.071268381748,11.9039169200335,0,30,0,30,0,30,0,30,0,0,0,1,0
"2364",3724158.37639793,-1360782.11086488,0.621808477179251,0.0101148905232549,2.32128238677979,1286.51843261719,82.0301259908946,8.77006984596975,0,30,0,30,2,30,2,30,0,6.66666666666667,0,-5.66666666666667,6.66666666666667
"2365",3762610.67773426,-1572953.98057469,0.0447168655058988,14.2240409851074,0.821989238262177,1062.14208984375,16.4824611038357,3.25590198411588,0,29,0,29,0,29,0,29,0,0,0,1,0
"2366",3738608.12497671,-1335023.2259751,0.342162553978445,1.88800752162933,2.09710907936096,1345.70642089844,66.495381913543,12.026174582879,0,28,0,28,0,28,0,28,0,0,0,1,0
"2367",3774304.91046715,-1600137.09567866,0.630350273800441,0.0159748066216707,4.46100091934204,1209.07995605469,82.7979318554138,7.60560011640322,0,29,0,29,0,29,0,29,0,0,0,1,0
"2368",3745836.64497942,-1377910.66836202,0.550526304914968,0.00426602596417069,2.2809910774231,1529.36572265625,78.5913540293054,16.1234978098709,0,30,0,30,0,30,0,30,0,0,0,1,0
"2369",3776427.06293822,-1505700.34917769,0.444364817332026,0.029346227645874,0.731485605239868,1458.10327148438,73.0378136496513,5.882352,5,30,0,30,9,30,14,30,16.6666666666667,30,0,454.333333333333,-453.333333333333
"2370",3885346.52777389,-1732863.79236795,0.648753983627154,0.0525716319680214,1.01287138462067,485.240051269531,85.5002856785377,4.4299248981996,1,30,0,30,0,30,1,30,3.33333333333333,0,0,-2.33333333333333,3.33333333333333
"2371",3761072.16444786,-1573670.94478431,0.0424168472607805,11.6437644958496,0.783771157264709,1072.16174316406,15.9365326642055,3.35010088482419,0,30,0,30,0,30,0,30,0,0,0,1,0
"2372",3857463.36643533,-1744007.70487372,0.680809441500369,0.211464196443558,5.57588243484497,766.176635742188,88.602737122571,7.75211362842367,2,30,1,30,3,30,6,30,6.66666666666667,10,3.33333333333333,-119,120
"2373",3759975.46708846,-1561825.74048112,0.261767661356544,4.36680459976196,0.737326622009277,1126.88012695312,47.3154837813097,4.64706855572336,1,29,0,29,3,29,4,29,3.44827586206897,10.3448275862069,0,22.8787158145065,-21.8787158145065
"2374",3902323.08407834,-1782654.11514187,0.0417740796587573,16.3129692077637,0.489309042692184,1165.11267089844,18.121473360697,10.4148505202337,2,30,2,30,0,30,4,30,6.66666666666667,0,6.66666666666667,32.1111111111111,-31.1111111111111
"2375",3871331.71223801,-1739500.41152208,0.723477801544998,0.368024319410324,0.459722906351089,363.263397216797,90.0334642250757,4.42774480569695,0,30,0,30,0,30,0,30,0,0,0,1,0
"2376",3926266.89354061,-1795323.68919298,0.649858124199808,0.0457191728055477,1.22883796691895,759.972290039062,85.4840189808916,9.32037766365499,0,30,0,30,0,30,0,30,0,0,0,1,0
"2377",3896174.07036606,-1777396.55649908,0.0504554852288883,16.3374996185303,0.177508950233459,953.793090820312,19.3923810789181,9.91643315926891,0,30,0,30,0,30,0,30,0,0,0,1,0
"2378",3712161.47264875,-1562278.79597735,0.655625730970246,0.00725329853594303,7.97423839569092,1125.12292480469,85.7551279728623,6.30199932510097,0,30,0,30,0,30,0,30,0,0,0,1,0
"2379",3897340.50159408,-1775335.08881254,0.0577835773354645,17.765941619873,0.992496430873871,924.841735839844,23.6211078091941,9.13411806069665,2,30,0,30,0,30,2,30,6.66666666666667,0,0,-5.66666666666667,6.66666666666667
"2380",3778780.36810554,-1262441.03401919,0.644879233887515,0.032437689602375,1.17378270626068,1220.70751953125,89.3601578454532,12.4033048212165,0,28,0,28,0,28,0,28,0,0,0,1,0
"2381",3767383.1558116,-1236117.52935047,0.515764450687174,0.0596564374864101,0.761409223079681,1083.16979980469,79.0453445608843,10.0749965484015,0,30,0,30,0,30,0,30,0,0,0,1,0
"2382",3787719.2007648,-1283363.05600933,0.0826985943862736,4.06548166275024,0.493171900510788,1284.07983398438,39.5732269835034,13.5383006024483,0,30,0,30,2,30,2,30,0,6.66666666666667,0,-5.66666666666667,6.66666666666667
"2383",3898369.38311968,-1764042.86941842,0.36262227225274,8.87907695770264,0.0867482200264931,732.757995605469,61.0473399885678,4.58292295459193,0,30,0,30,1,30,1,30,0,3.33333333333333,0,-2.33333333333333,3.33333333333333
"2384",3721244.0020727,-1373607.77678201,0.669577163183128,-0.000809294171631336,7.65418481826782,1278.19812011719,86.3452627034945,9.26983621128593,0,28,2,28,0,28,2,28,0,0,7.14285714285714,-6.14285714285714,7.14285714285714
"2385",3857832.66884604,-1749771.20570265,0.685754176429619,0.0480774976313114,5.80246305465698,634.403381347656,88.1286725671894,6.7486125491273,0,30,0,30,0,30,0,30,0,0,0,1,0
"2386",3777900.87177061,-1595847.93615041,0.612754674987877,-0.00817267410457134,2.70896697044373,1204.72424316406,81.3192575634956,4.75958862745498,0,29,0,29,0,29,0,29,0,0,0,1,0
"2387",3718455.9130306,-1339474.29199824,0.734216023760766,2.79008727375185e-05,2.85658597946167,1200.74841308594,90.2436924527693,7.52292421773306,0,29,0,29,0,29,0,29,0,0,0,1,0
"2388",3870163.43978562,-1687922.08997453,0.679089175711443,0.0152455111965537,4.81771230697632,868.102294921875,87.7460069420785,10.2893743238058,0,29,0,29,1,29,1,29,0,3.44827586206897,0,-2.44827586206897,3.44827586206897
"2389",3735898.32136651,-1566441.5419193,0.662769544936028,0.0196499694138765,2.76681160926819,1143.58935546875,87.191886605434,5.79551858637463,0,28,1,28,0,28,1,28,0,0,3.57142857142857,-2.57142857142857,3.57142857142857
"2390",3930889.12370122,-1792161.83965798,0.606118412423866,0.299838989973068,3.4369010925293,745.631958007812,80.7753548901651,11.4264579413789,0,30,0,30,0,30,0,30,0,0,0,1,0
"2391",3876146.9180755,-1742103.62488217,0.673399003387002,0.106119625270367,2.57747578620911,441.228607177734,87.0320652518465,3.73117423036406,4,30,0,30,4,30,8,30,13.3333333333333,13.3333333333333,0,152.111111111111,-151.111111111111
"2392",3722551.32370104,-1338611.10937059,0.708816611332496,0.187942504882812,6.65896606445312,1244.19653320312,87.1517635624745,7.51913072517606,1,29,0,29,5,29,6,29,3.44827586206897,17.2413793103448,0,39.7633769322235,-38.7633769322235
"2393",3894332.32612632,-1782790.37516945,0.0605554878296326,3.95616436004639,0.376343995332718,966.375061035156,23.9296611442977,12.5900876895039,0,30,0,30,0,30,0,30,0,0,0,1,0
"2394",3906142.24430042,-1769805.66399249,0.452420764757504,0.274046838283539,1.53163468837738,1120.49523925781,74.3037559556826,10.0988816926869,6,30,0,30,1,30,7,30,20,3.33333333333333,0,44.3333333333333,-43.3333333333333
"2395",3787340.31374594,-1286073.29387063,0.244032948368326,1.94532060623169,1.17346286773682,1253.01440429688,56.5730492927526,11.9199450069087,2,30,0,30,1,30,3,30,6.66666666666667,3.33333333333333,0,13.2222222222222,-12.2222222222222
"2396",3741578.50747734,-1275223.41301506,0.678307079023252,-0.00239782338030636,7.94111204147339,1299.00659179688,87.5290481128191,7.93526229610939,0,30,0,30,0,30,0,30,0,0,0,1,0
"2397",3781787.30013459,-1575294.57050801,0.590675466082866,0.12847863137722,3.20365309715271,1180.72497558594,82.0087586170498,4.98302144566574,0,30,0,30,0,30,0,30,0,0,0,1,0
"2398",3879301.73470848,-1712710.90593195,0.752838823142619,0.0272767711430788,0.938269734382629,522.517883300781,91.7847397686314,5.72528513816172,1,30,0,30,4,30,4,30,3.33333333333333,13.3333333333333,0,28.7777777777778,-27.7777777777778
"2399",3717272.252885,-1364780.76477731,0.697886228805622,0.0304587129503489,2.84762239456177,1237.16491699219,87.6358507512858,10.0057718061515,0,30,0,30,0,30,0,30,0,0,0,1,0
"2400",3898891.9969595,-1757633.23450253,0.567892474927967,0.368239194154739,4.31361484527588,700.355834960938,78.2434381433344,5.05513367501995,0,30,0,30,0,30,0,30,0,0,0,1,0
"2401",3773382.32235733,-1287365.59781287,0.581018645181865,0.0220188051462173,2.00286078453064,1340.50573730469,82.4174999547861,12.5486609576504,0,30,0,30,0,30,0,30,0,0,0,1,0
"2402",3897199.22602831,-1778571.88819373,0.049823098798547,11.4678382873535,0.067070834338665,1003.08721923828,20.4877747331249,10.6557478044663,0,30,0,30,0,30,0,30,0,0,0,1,0
"2403",3741290.10094059,-1586545.5298788,0.68145310548759,-0.00737818190827966,2.69968962669373,1129.17736816406,86.4215707748418,4.06548950829285,2,30,0,30,3,30,5,30,6.66666666666667,10,0,51,-50
"2404",3764640.13223897,-1478602.75981894,0.429154281700764,0.00453126104548573,5.18281602859497,1128.4091796875,69.6018159783714,7.32147239264645,0,30,0,30,0,30,0,30,0,0,0,1,0
"2405",3760155.88258719,-1575863.75216574,0.225352805267905,17.7627067565918,0.952375531196594,1076.02758789062,46.6806637983293,3.38903234589838,0,24,0,24,0,24,0,24,0,0,0,1,0
"2406",3872900.98643931,-1642453.31979489,0.801973843779922,0.000557775259949267,5.02519273757935,612.418823242188,95.0918328057906,8.19510578210296,0,30,0,30,0,30,0,30,0,0,0,1,0
"2407",3855001.86985491,-1718703.34150273,0.606073123886183,0.0193724613636732,6.69867181777954,1287.65307617188,88.2937055925856,10.1045770107872,0,30,0,30,0,30,0,30,0,0,0,1,0
"2408",3784082.14809771,-1283797.91355471,0.0833920861167674,4.93356513977051,0.512713491916656,1284.296875,34.6641916809367,13.1200897450627,0,29,0,29,0,29,0,29,0,0,0,1,0
"2409",3761392.74231744,-1572689.06611041,0.0418821783809905,11.7363519668579,0.126483514904976,1033.76135253906,16.703723699152,3.81418639407188,0,26,0,26,0,26,0,26,0,0,0,1,0
"2410",3889149.47987812,-1743986.41694529,0.627792808371734,0.0784225836396217,4.49579524993896,519.560302734375,84.683925142334,4.22568520291208,0,30,0,30,0,30,0,30,0,0,0,1,0
"2411",3790046.76886585,-1281190.2080527,0.452094950554599,0.921223640441895,1.67256641387939,1356.09973144531,75.768284304959,16.3509796796944,0,30,0,30,0,30,0,30,0,0,0,1,0
"2412",3898482.8622086,-1715783.4301874,0.73573785772425,0.0202291570603848,0.267608404159546,509.951446533203,92.0654266337297,4.74197903588906,2,30,0,30,5,30,6,30,6.66666666666667,16.6666666666667,0,88.7777777777778,-87.7777777777778
"2413",3752003.92288055,-1369780.5914439,0.604741824762876,0.0354209840297699,2.03109049797058,1527.87487792969,84.9958530240127,20.9905170995609,0,30,0,30,0,30,0,30,0,0,0,1,0
"2414",3890683.54038489,-1769792.97910078,0.546038760949439,0.155213877558708,1.11376810073853,758.601257324219,75.2853315253013,10.0139059710736,0,30,0,30,0,30,0,30,0,0,0,1,0
"2415",3764999.58287474,-1574078.03815408,0.0858954930286221,15.6605653762817,2.97397327423096,1121.18542480469,30.6800398557482,3.60099514420535,2,30,0,30,0,30,2,30,6.66666666666667,0,0,-5.66666666666667,6.66666666666667
"2416",3738067.00093196,-1406614.10314177,0.577707754261353,0.00995331443846226,0.870449721813202,1222.82653808594,82.1333430895237,9.42450324370869,5,30,1,30,8,30,11,30,16.6666666666667,26.6666666666667,3.33333333333333,-938.259259259259,939.259259259259
"2417",3711993.41472669,-1564914.13165231,0.654742704910717,0.40823170542717,5.42118501663208,1129.28125,85.5073926072566,6.70051607325998,0,26,0,26,0,26,0,26,0,0,0,1,0
"2418",3738691.0023376,-1589926.65311661,0.678443321752182,-0.00733029935508966,4.31460428237915,1150.17980957031,85.4249219623476,4.6886528859677,0,30,0,30,2,30,2,30,0,6.66666666666667,0,-5.66666666666667,6.66666666666667
"2419",3762744.47263025,-1497581.38346261,0.560388662082123,-0.0136976093053818,6.31944942474365,1265.20300292969,85.0615410080343,6.99384224385129,0,30,0,30,1,30,1,30,0,3.33333333333333,0,-2.33333333333333,3.33333333333333
"2420",3757810.75940244,-1601336.09461314,0.633126222282585,0.137851968407631,3.07255339622498,1200.51477050781,83.5303276258327,7.34338451329121,2,30,0,30,0,30,2,30,6.66666666666667,0,0,-5.66666666666667,6.66666666666667
"2421",3764773.45959309,-1575332.59389314,0.0838263664125057,16.2340660095215,3.18946290016174,1120.72045898438,36.9776762906917,4.817355395182,0,29,0,29,0,29,0,29,0,0,0,1,0
"2422",3774797.95785021,-1606643.03724486,0.639174681170708,0.00486771110445261,2.75959014892578,1232.51281738281,83.6044184508615,7.927571289683,0,30,0,30,0,30,0,30,0,0,0,1,0
"2423",3916756.94736578,-1694587.91137833,0.604863151900433,2.82717633247375,0.154730662703514,497.818572998047,86.2571103235968,5.3516576352956,3,30,0,30,5,30,8,30,10,16.6666666666667,0,141,-140
"2424",3928773.55800442,-1771336.58514015,0.623070470786242,0.0280448216944933,0.131910681724548,806.473937988281,82.6314484139795,8.89335037695729,0,30,0,30,0,30,0,30,0,0,0,1,0
"2425",3789012.4104213,-1284019.00190453,0.283847622429052,1.70962762832642,0.159551322460175,1278.4345703125,59.976726370624,13.5146540491944,0,29,0,29,0,29,0,29,0,0,0,1,0
"2426",3897809.89135895,-1791016.78792164,0.440749419540062,0.146975561976433,0.693090260028839,1087.60717773438,74.6835668199047,9.48936265695493,0,30,0,30,1,30,1,30,0,3.33333333333333,0,-2.33333333333333,3.33333333333333
"2427",3785165.37023274,-1504575.56966431,0.450780238931714,0.0219694972038269,3.78721117973328,1402.68176269531,76.0049951508343,6.62226906648451,0,30,0,30,0,30,0,30,0,0,0,1,0
"2428",3766922.21519608,-1601008.72691571,0.666760881931148,0.0176778119057417,5.76377630233765,1164.87341308594,85.7307348344934,4.88588386978235,0,30,0,30,0,30,0,30,0,0,0,1,0
"2429",3858963.51568563,-1658942.92259001,0.632803842624108,0.00152125861495733,13.2478981018066,1053.361328125,84.0585817409503,12.6625916801432,0,29,0,29,0,29,0,29,0,0,0,1,0
"2430",3909193.47146805,-1671729.60684556,0.741455872621626,0.0334428735077381,1.85767638683319,609.512878417969,90.0094775259274,12.2892639105917,0,30,0,30,0,30,0,30,0,0,0,1,0
"2431",3889985.32227474,-1687544.4153637,0.363045086656433,3.58819484710693,2.39810514450073,659.96826171875,70.3894928101095,7.50629183310995,3,30,0,30,2,30,5,30,10,6.66666666666667,0,51,-50
"2432",3723912.40485107,-1532153.46462287,0.60357993554028,-0.0159430224448442,0.4192955493927,1088.80859375,85.4121959940537,6.69865743855482,0,30,0,30,0,30,0,30,0,0,0,1,0
"2433",3763970.89059227,-1579310.42032792,0.502060870887533,0.83938729763031,4.14383602142334,1137.77709960938,74.3260790605589,4.19480760936353,0,28,0,28,0,28,0,28,0,0,0,1,0
"2434",3778155.68765101,-1548817.92662157,0.567388726257468,0.0329181998968124,0.413665801286697,1103.95739746094,81.5369272046472,4.20940277952579,0,29,0,29,0,29,0,29,0,0,0,1,0
"2435",3775310.86240404,-1487819.82653595,0.467077436747312,0.048389807343483,4.63413143157959,1199.50061035156,73.3092126440642,16.5496702331661,0,30,0,30,0,30,0,30,0,0,0,1,0
"2436",3783710.51910964,-1570630.08577764,0.673891856894901,0.0295389238744974,0.777869462966919,1019.26593017578,88.5650647644333,4.63241528331093,0,29,0,29,0,29,0,29,0,0,0,1,0
"2437",3876748.33275646,-1648407.31819756,0.808201985469004,0.0145896077156067,9.13512420654297,647.625610351562,95.2540510027012,5.52210431627467,0,30,0,30,0,30,0,30,0,0,0,1,0
"2438",3746757.40188361,-1610137.45736587,0.764237880138968,-0.0263222679495811,4.68960762023926,1184.01574707031,93.9435149753243,8.50480789041527,0,29,0,29,1,29,1,29,0,3.44827586206897,0,-2.44827586206897,3.44827586206897
"2439",3792376.02902316,-1513887.07333649,0.501180326749455,0.0239257588982582,3.25754952430725,972.42919921875,79.6170879864302,4.83501349626379,0,30,0,30,0,30,0,30,0,0,0,1,0
"2440",3789722.65103646,-1285382.35502436,0.415887897452099,1.52053129673004,1.59370863437653,1323.67224121094,73.3980036326895,15.5223982901961,0,29,0,29,0,29,0,29,0,0,0,1,0
"2441",3775079.65182166,-1471904.11675092,0.486864558096489,-0.00980713590979576,2.36129474639893,1080.05236816406,74.1285290415711,9.86998100014669,0,30,0,30,0,30,0,30,0,0,0,1,0
"2442",3718488.11775929,-1324649.66625938,0.717552296832824,0.00894440803676844,0.518893122673035,1187.37670898438,88.3711806909363,8.83345519970679,0,30,0,30,0,30,0,30,0,0,0,1,0
"2443",3728134.94571958,-1329511.2174597,0.679771479242309,0.00135416910052299,3.2346339225769,1262.94848632812,85.2840822451966,7.6755637417453,0,29,0,29,0,29,0,29,0,0,0,1,0
"2444",3714791.12845196,-1320137.0491121,0.70385136853642,0.0312391594052315,1.61754608154297,1169.73071289062,87.0082083196592,8.4854022698318,0,29,0,29,0,29,0,29,0,0,0,1,0
"2445",3899744.16769903,-1681991.23853276,0.718827034471683,0.0391958393156528,4.72244739532471,663.216430664062,89.5945299073496,12.3726303015721,0,30,0,30,0,30,0,30,0,0,0,1,0
"2446",3726442.11801545,-1257629.0000545,0.663341035222146,0.0291295722126961,1.30593979358673,1121.75939941406,87.3869099695559,6.21972979062749,0,30,0,30,0,30,0,30,0,0,0,1,0
"2447",3891189.09785233,-1719552.31764855,0.767993813122293,0.0260380655527115,1.3827691078186,522.544067382812,93.2608636258342,5.31961265547881,0,26,0,26,0,27,0,26,0,0,0,1,0
"2448",3755608.54817998,-1568723.86930398,0.290353613390824,4.85824060440063,1.13473045825958,1072.61047363281,49.0320576289622,4.07765913542943,0,29,0,29,1,29,1,29,0,3.44827586206897,0,-2.44827586206897,3.44827586206897
"2449",3769347.92256021,-1472591.54102278,0.487826551285848,0.000533208250999451,0.757998764514923,1009.82653808594,73.5963846397889,10.5187501525823,0,28,0,28,1,28,1,28,0,3.57142857142857,0,-2.57142857142857,3.57142857142857
"2450",3875060.55673082,-1738994.05798894,0.697342520814203,0.227284103631973,3.07334995269775,423.399353027344,88.3220723001636,4.1774952365146,0,30,0,30,0,30,0,30,0,0,0,1,0
"2451",3922044.51185897,-1758894.98873542,0.570138490580656,0.0423595495522022,0.620098888874054,913.785278320312,79.4330115779532,13.3673043435187,0,29,0,29,5,29,5,29,0,17.2413793103448,0,-16.2413793103448,17.2413793103448
"2452",3863993.05607069,-1737029.16635813,0.709162421047615,0.0560080520808697,1.20311522483826,712.247375488281,89.6512382430484,5.44879756303293,0,30,0,30,0,30,0,30,0,0,0,1,0
"2453",3899812.28966142,-1703055.84188076,0.71473902763075,0.0370959006249905,0.65086418390274,535.810424804688,89.6508953288919,7.05309350808716,0,30,0,30,0,30,0,30,0,0,0,1,0
"2454",3890252.63376798,-1663759.26723041,0.758058090401879,0.00196022447198629,9.29367733001709,742.091125488281,91.8249144283346,7.33851145918542,0,30,0,30,0,30,0,30,0,0,0,1,0
"2455",3853003.72952297,-1741762.79332303,0.728843124645136,0.0143708288669586,0.851167559623718,716.168762207031,91.0946962471779,9.44052945989046,2,30,0,30,3,30,4,30,6.66666666666667,10,0,51,-50
"2456",3868624.03594328,-1694937.75181435,0.684363804416105,0.0247390512377024,8.12582397460938,875.426513671875,89.5919257441742,7.75549152881606,0,30,0,30,9,30,9,30,0,30,0,-29,30
"2457",3774922.27945753,-1477917.63477385,0.462370483260667,0.00733217829838395,2.41477990150452,1067.94299316406,72.4830439465924,8.39091294149102,4,30,0,30,5,30,9,30,13.3333333333333,16.6666666666667,0,193.222222222222,-192.222222222222
"2458",3775005.70228393,-1583297.72037607,0.583239010324497,1.42105424404144,0.131282284855843,1062.9853515625,78.5615141999418,4.48389781588261,2,29,0,29,1,29,3,29,6.89655172413793,3.44827586206897,0,14.436385255648,-13.436385255648
"2459",3736527.00709632,-1301186.656491,0.691921118724262,0.0127930790185928,0.5896977186203,1304.49536132812,86.5545880366823,8.98902393488311,0,30,0,30,0,30,0,30,0,0,0,1,0
"2460",3723570.13081273,-1280601.72408113,0.67351093819571,0.163451328873634,4.99018955230713,1171.84118652344,86.4812439344705,7.73313577454893,0,29,0,29,0,29,0,29,0,0,0,1,0
"2461",3739173.92855256,-1333261.28770764,0.363785328212276,2.88758659362793,0.418324142694473,1309.58483886719,74.8297741574594,12.7463158934109,1,29,0,29,0,29,1,29,3.44827586206897,0,0,-2.44827586206897,3.44827586206897
"2462",3787283.93042385,-1284245.91862,0.142284158484019,7.90328073501587,0.399143785238266,1267.24133300781,33.8405392701832,13.0934699606886,1,30,0,30,0,30,1,30,3.33333333333333,0,0,-2.33333333333333,3.33333333333333
"2463",3783773.37009414,-1280366.04276567,0.268279929244129,1.268430352211,0.661268889904022,1274.6103515625,51.5260634903592,13.1106659506392,0,30,0,30,3,30,3,30,0,10,0,-9,10
"2464",3929075.88504349,-1790270.25971674,0.601977169335018,0.13319343328476,0.955971598625183,768.460266113281,80.5970027612401,14.1608728255917,0,30,0,30,0,30,0,30,0,0,0,1,0
"2465",3918579.481201,-1671401.58642249,0.757944256356096,0.0733198001980782,0.187879353761673,510.951110839844,90.5329071035595,3.90779259549001,0,30,0,30,0,30,0,30,0,0,0,1,0
"2466",3900746.90027625,-1787953.94415644,0.131795082137442,2.46786260604858,0.517892777919769,1111.32604980469,28.8878945441981,12.1003731353706,0,30,0,30,1,30,1,30,0,3.33333333333333,0,-2.33333333333333,3.33333333333333
"2467",3771093.57915508,-1557263.4381376,0.569623513223375,0.0674453005194664,0.821849405765533,1171.78552246094,81.8514527844095,4.34925509834056,3,29,0,29,4,29,7,29,10.3448275862069,13.7931034482759,0,119.549346016647,-118.549346016647
"2468",3917079.16163188,-1689484.68465489,0.720631429780594,0.301695466041565,4.64594459533691,509.364715576172,88.8179425491238,5.78842791533418,3,30,0,30,2,30,5,30,10,6.66666666666667,0,51,-50
"2469",3850535.82316627,-1742066.22903607,0.748880904254378,0.0169599559158087,0.640622615814209,662.605773925781,92.5317704119137,9.63959487369948,1,30,0,30,0,30,1,30,3.33333333333333,0,0,-2.33333333333333,3.33333333333333
"2470",3782813.33967359,-1285522.55665766,0.409334791255571,0.915573954582214,1.78645503520966,1313.0390625,74.0507726854,11.8093740763642,0,29,0,29,0,29,0,29,0,0,0,1,0
"2471",3925340.38141873,-1786498.71489294,0.564409514192055,0.290407329797745,2.49623465538025,822.430908203125,78.7089641002536,11.0741224205853,0,30,0,30,1,30,1,30,0,3.33333333333333,0,-2.33333333333333,3.33333333333333
"2472",3920747.88469411,-1767213.35849035,0.555265598470194,0.195576176047325,3.46022844314575,895.124084472656,78.5324289410299,12.3816096419498,0,28,0,28,0,28,0,28,0,0,0,1,0
"2473",3923318.04022949,-1769888.29518617,0.554426360212667,0.0929714068770409,0.345694124698639,864.19921875,79.0405100289035,12.402739791912,0,30,0,30,2,30,2,30,0,6.66666666666667,0,-5.66666666666667,6.66666666666667
"2474",3852817.28050784,-1739561.96523277,0.726805988439242,0.0795155391097069,0.28718227148056,722.127624511719,91.1411969141035,9.78366723733299,2,30,0,30,2,30,3,30,6.66666666666667,6.66666666666667,0,32.1111111111111,-31.1111111111111
"2475",3899831.5534993,-1691968.56022589,0.679377615955352,0.0404354892671108,0.856882870197296,594.149353027344,87.6078665227672,7.40118089657703,0,30,0,30,0,30,0,30,0,0,0,1,0
"2476",3772574.12838263,-1578004.18937508,0.606235327114514,0.137836560606956,2.03312039375305,1108.67980957031,82.136106996728,4.75635912183294,0,30,0,30,0,30,0,30,0,0,0,1,0
"2477",3898753.29064758,-1752648.83360882,0.588238492823837,0.311160236597061,1.00406992435455,623.302612304688,79.3043308213377,5.22684430547202,0,30,0,30,0,30,0,30,0,0,0,1,0
"2478",3914915.35563374,-1781561.48588238,0.467243717185814,4.38773012161255,1.5390682220459,968.212036132812,74.2666810074917,12.7476205765575,3,30,0,30,7,30,10,30,10,23.3333333333333,0,201,-200
"2479",3914944.8775627,-1781665.00592815,0.467243717185814,4.38773012161255,1.46196019649506,966.956420898438,74.2666810074917,12.7476205765575,5,30,0,30,3,30,7,30,16.6666666666667,10,0,141,-140
"2480",3752278.31429341,-1574802.05439737,0.501447023449025,0.777323961257935,1.88167607784271,1104.3310546875,75.1354723237128,4.32331164895466,2,30,0,30,4,30,5,30,6.66666666666667,13.3333333333333,0,69.8888888888889,-68.8888888888889
"2481",3896619.73015509,-1769505.59933103,0.258438462642049,2.6854190826416,0.733934819698334,812.375061035156,60.3744264207476,9.23864007406433,0,30,0,30,0,30,0,30,0,0,0,1,0
"2482",3762861.28017194,-1576837.57971823,0.34665939533933,15.9688301086426,3.32540321350098,1106.3173828125,57.6636002764678,4.41556642582179,1,25,1,25,1,25,2,25,4,4,4,-27,28
"2483",3846308.05139489,-1648781.12140261,0.563405471003413,0.467815697193146,6.68517065048218,1449.08801269531,80.3746234538121,8.85404465534302,0,30,0,29,0,29,0,29,0,0,0,1,0
"2484",3870020.24952461,-1740115.23971804,0.730086812468814,0.0685073360800743,0.433252364397049,362.61474609375,90.0800680296252,4.71518038330786,0,30,0,30,0,30,0,30,0,0,0,1,0
"2485",3871487.76323979,-1736727.3440487,0.72993334828221,0.164428427815437,0.338988363742828,383.263641357422,90.6708697347942,4.08194067986665,0,30,0,30,1,30,1,30,0,3.33333333333333,0,-2.33333333333333,3.33333333333333
"2486",3783313.84323615,-1276322.47776111,0.465727549599734,0.53993946313858,4.1648416519165,1360.87780761719,72.1478693055597,11.519302184863,0,30,0,30,0,30,0,30,0,0,0,1,0
"2487",3752417.50818469,-1379544.75010229,0.597260554738726,-0.00494901416823268,2.59433960914612,1529.50512695312,83.2517923470664,15.9447210908063,0,30,0,30,0,30,0,30,0,0,0,1,0
"2488",3904628.73893762,-1777325.48554523,0.0993076861420521,9.50777816772461,0.62052857875824,1110.87878417969,35.8621856026896,14.681715914424,0,30,0,30,0,30,0,30,0,0,0,1,0
"2489",3853045.79715854,-1719001.8344146,0.601566296832813,0.00529816141352057,8.58481979370117,1348.376953125,88.0615984793375,9.76971224910579,0,30,0,30,0,30,0,30,0,0,0,1,0
"2490",3863284.84147026,-1672353.60477054,0.625982818979798,0.0247278716415167,1.40025055408478,981.788330078125,84.6226032113139,9.16979792082627,0,30,0,30,0,30,0,30,0,0,0,1,0
"2491",3888944.50729972,-1722887.17021574,0.716418258959635,0.0110273249447346,3.52738857269287,504.779357910156,89.967787982197,3.32272132141588,0,30,2,30,0,30,2,30,0,0,6.66666666666667,-5.66666666666667,6.66666666666667
"2492",3783020.47073692,-1503676.89113794,0.456518681952174,0.0491342507302761,1.57009541988373,1393.04541015625,76.4871522713249,7.25233999119011,0,25,0,25,1,25,1,25,0,4,0,-3,4
"2493",3772866.68824958,-1609070.93510434,0.663985334476816,-0.0092800622805953,0.877226710319519,1204.99829101562,84.3079539993107,7.98408712384901,0,30,0,30,0,30,0,30,0,0,0,1,0
"2494",3730059.71537514,-1295205.97847996,0.702419690681204,0.00744771724566817,2.03103089332581,1254.04638671875,87.7535585028464,9.26014441826546,0,30,0,30,0,30,0,30,0,0,0,1,0
"2495",3904769.97888115,-1778642.55458557,0.166700302239249,10.8190412521362,0.786193490028381,1112.73657226562,33.0683536311871,13.1118844601431,0,30,0,30,0,30,0,30,0,0,0,1,0
"2496",3759811.08159641,-1564600.93126184,0.254617181500645,1.98007881641388,0.226844727993011,1081.95861816406,59.4420995063698,3.44858198848158,1,28,0,28,4,28,5,28,3.57142857142857,14.2857142857143,0,34.1632653061224,-33.1632653061224
"2497",3864957.13072834,-1613892.30325602,0.691497264987035,0.00538487220183015,3.7827935218811,492.705078125,85.5104635452781,5.43258688708678,0,29,0,29,0,29,0,29,0,0,0,1,0
"2498",3888854.14926904,-1692224.95604125,0.702911895124459,0.0672924146056175,1.41588294506073,634.89404296875,88.1759608499004,6.47545088722611,2,30,0,30,2,30,4,30,6.66666666666667,6.66666666666667,0,32.1111111111111,-31.1111111111111
"2499",3772518.36844969,-1578064.85453806,0.606235327114514,0.150434643030167,1.9784631729126,1105.50048828125,82.136106996728,4.75635912183294,3,30,0,30,1,30,4,30,10,3.33333333333333,0,21,-20
"2500",3748377.24519,-1569437.28896988,0.642785972277657,0.28783443570137,4.9406533241272,1131.779296875,83.8388362767658,3.94491125280418,0,30,0,30,1,30,1,30,0,3.33333333333333,0,-2.33333333333333,3.33333333333333
"2501",3733402.01295493,-1298460.2713568,0.686027554295456,0.0197280291467905,0.595249950885773,1285.59033203125,86.9535212744389,8.30733118539967,0,30,0,30,0,30,0,30,0,0,0,1,0
"2502",3719032.6593124,-1521725.85417012,0.604166096842461,0.0695149824023247,3.18596863746643,1091.94738769531,85.2238833749462,5.22686108693778,0,22,0,22,0,22,0,22,0,0,0,1,0
"2503",3867086.37647737,-1644535.09652543,0.696802066405674,0.0650113373994827,0.46904045343399,632.094848632812,89.4888011231486,4.72982267336264,0,27,0,27,0,27,0,27,0,0,0,1,0
"2504",3756338.14725459,-1565527.0571703,0.24457572634295,4.23704195022583,1.29645371437073,1105.52197265625,49.9746706747893,5.04407124623589,0,29,0,29,0,29,0,29,0,0,0,1,0
"2505",3745478.50791364,-1600297.86916199,0.692371820212918,-0.00777333322912455,3.3653028011322,1153.42553710938,86.6519176492116,7.38900812197913,2,30,0,30,1,30,3,30,6.66666666666667,3.33333333333333,0,13.2222222222222,-12.2222222222222
"2506",3717918.18423033,-1563744.73626273,0.655714131551019,0.00424689240753651,7.92920303344727,1171.50952148438,85.4048421687747,6.4312118480387,0,30,0,30,1,30,1,30,0,3.33333333333333,0,-2.33333333333333,3.33333333333333
"2507",3781667.19197,-1282135.30521505,0.416976335897855,0.317303210496902,1.53947174549103,1292.78173828125,75.0938052959249,12.1641730521757,0,25,0,25,0,25,0,25,0,0,0,1,0
"2508",3761784.75390427,-1576410.86958026,0.195888705564216,9.83946990966797,2.48413157463074,1083.02392578125,54.0935368739786,4.21837186223016,0,30,0,30,3,30,3,30,0,10,0,-9,10
"2509",3772724.88836901,-1274441.12942661,0.517272626251347,0.783875167369843,4.19679594039917,1212.36157226562,78.0425864198548,6.22336520760315,1,30,0,30,6,30,7,30,3.33333333333333,20,0,44.3333333333333,-43.3333333333333
"2510",3787670.57641122,-1283478.82890136,0.0826985943862736,3.89462280273438,0.315747767686844,1286.05798339844,39.5732269835034,13.5383006024483,0,30,0,30,2,30,2,30,0,6.66666666666667,0,-5.66666666666667,6.66666666666667
"2511",3753885.2556708,-1575994.1712587,0.182989239570408,18.1097106933594,1.24767553806305,1086.50463867188,50.1930237362744,4.16466109014977,1,28,0,28,2,28,3,28,3.57142857142857,7.14285714285714,0,15.7959183673469,-14.7959183673469
"2512",3728760.66923774,-1344343.50129232,0.688088961547407,0.0414999835193157,13.993221282959,1336.92077636719,87.5768935014768,8.72598498927666,0,28,0,28,0,28,0,28,0,0,0,1,0
"2513",3896916.87527186,-1778523.21190947,0.049823098798547,11.4678382873535,0.0235568787902594,992.103271484375,20.4877747331249,10.6557478044663,0,30,0,30,0,30,0,30,0,0,0,1,0
"2514",3731848.01512735,-1355346.47424529,0.628971936907469,0.00547568500041962,6.00599813461304,1427.6279296875,82.9693058014997,7.89218202119093,1,30,0,30,2,30,3,30,3.33333333333333,6.66666666666667,0,13.2222222222222,-12.2222222222222
"2515",3743679.25098395,-1613065.25123526,0.776590542729737,0.0229244232177734,0.680675506591797,1166.78466796875,94.2631867483404,8.31314106896185,0,30,0,30,0,30,0,30,0,0,0,1,0
"2516",3853726.99451855,-1709543.55467229,0.700050498168342,0.10884815454483,9.72952461242676,1576.10705566406,92.5982624158663,9.93298670249141,0,30,0,30,0,30,0,30,0,0,0,1,0
"2517",3915293.58586761,-1671315.2023341,0.739768508625306,2.13717031478882,0.895442008972168,524.960327148438,89.0937625063151,8.99064292819491,0,30,0,30,0,30,0,30,0,0,0,1,0
"2518",3755466.04809981,-1567660.50870237,0.315845636134798,2.17748141288757,0.475513368844986,1071.61450195312,57.9047685302457,4.35213143996124,1,30,0,30,2,30,3,30,3.33333333333333,6.66666666666667,0,13.2222222222222,-12.2222222222222
"2519",3756756.58608853,-1564793.0992693,0.125494537315028,7.90274906158447,1.57523167133331,1104.06005859375,49.9746706747893,5.04407124623589,0,28,0,28,0,28,0,28,0,0,0,1,0
"2520",3895963.14553449,-1668514.60155701,0.755170625344856,0.43693134188652,8.25884914398193,706.975708007812,91.3922795237355,8.53188781744601,0,30,0,30,0,30,0,30,0,0,0,1,0
"2521",3907654.70882598,-1785666.56621527,0.17161391604692,5.95285320281982,1.29042100906372,1086.44921875,48.5973648252877,13.3192568853089,0,30,0,30,0,30,0,30,0,0,0,1,0
"2522",3729242.62697313,-1283010.82185094,0.701601566879302,0.00296476762741804,3.2804639339447,1216.4296875,89.2386113453529,8.42026814887042,0,24,0,24,0,24,0,24,0,0,0,1,0
"2523",3729754.77455442,-1337484.76309202,0.673382781472271,0.0330357551574707,9.88563251495361,1305.21215820312,85.4407890026375,8.11282115660515,1,30,0,30,8,30,9,30,3.33333333333333,26.6666666666667,0,59.8888888888889,-58.8888888888889
